1, M, 1, 0.9319
2, K, 1, 0.9289
3, R, 1, 0.9441
4, N, 1, 0.9417
5, G, 1, 0.9439
6, E, 1, 0.9576
7, T, 1, 0.9429
8, K, 1, 0.9445
9, R, 1, 0.9399
10, R, 1, 0.9330
11, R, 1, 0.9236
12, N, 1, 0.9121
13, V, 1, 0.9037
14, A, 1, 0.8822
15, E, 1, 0.8376
16, E, 1, 0.7911
17, A, 1, 0.7463
18, E, 1, 0.6990
19, Q, 1, 0.6604
20, G, 1, 0.6202
21, E, 1, 0.5522
22, D, -1, 0.4692
23, P, -1, 0.4207
24, A, -1, 0.3765
25, M, -1, 0.3366
26, W, -1, 0.3022
27, E, -1, 0.2807
28, N, -1, 0.2620
29, L, -1, 0.2441
30, D, -1, 0.2242
31, R, -1, 0.2081
32, N, -1, 0.1891
33, F, -1, 0.1677
34, R, -1, 0.1566
35, Q, -1, 0.1489
36, V, -1, 0.1419
37, Q, -1, 0.1371
38, S, -1, 0.1410
39, V, -1, 0.1451
40, L, -1, 0.1474
41, D, -1, 0.1478
42, R, -1, 0.1506
43, N, -1, 0.1542
44, R, -1, 0.1568
45, S, -1, 0.1628
46, L, -1, 0.1770
47, I, -1, 0.1938
48, Q, -1, 0.2205
49, Q, -1, 0.2598
50, V, -1, 0.3000
51, N, -1, 0.3348
52, D, -1, 0.3659
53, N, -1, 0.3879
54, H, -1, 0.4114
55, Q, -1, 0.4250
56, S, -1, 0.4305
57, R, -1, 0.4304
58, M, -1, 0.4244
59, A, -1, 0.4161
60, D, -1, 0.4043
61, N, -1, 0.3875
62, M, -1, 0.3526
63, S, -1, 0.3051
64, K, -1, 0.2541
65, N, -1, 0.1999
66, V, -1, 0.1520
67, A, -1, 0.1132
68, L, -1, 0.0991
69, I, -1, 0.0969
70, Q, -1, 0.0986
71, E, -1, 0.1014
72, L, -1, 0.1220
73, N, -1, 0.1404
74, G, -1, 0.1495
75, N, -1, 0.1572
76, I, -1, 0.1554
77, S, -1, 0.1490
78, K, -1, 0.1373
79, V, -1, 0.1226
80, V, -1, 0.1123
81, N, -1, 0.1172
82, M, -1, 0.1323
83, Y, -1, 0.1521
84, S, -1, 0.1869
85, D, -1, 0.2241
86, L, -1, 0.2643
87, N, -1, 0.3022
88, T, -1, 0.3437
89, S, -1, 0.3757
90, F, -1, 0.4036
91, S, -1, 0.4250
92, S, -1, 0.4541
93, G, -1, 0.4683
94, F, -1, 0.4884
95, H, 1, 0.5509
96, G, 1, 0.6179
97, G, 1, 0.6842
98, K, 1, 0.7500
99, N, 1, 0.8173
100, G, 1, 0.8963
101, H, 1, 0.9122
102, D, 1, 0.9285
103, G, 1, 0.9406
104, G, 1, 0.9478
105, G, 1, 0.9467
106, A, 1, 0.9509
107, A, 1, 0.9480
108, G, 1, 0.9428
109, T, 1, 0.9349
110, R, 1, 0.9364
111, A, 1, 0.9329

