1, M, 1, 0.9227
2, G, 1, 0.9176
3, E, 1, 0.9083
4, E, 1, 0.8591
5, V, 1, 0.7447
6, Q, 1, 0.7317
7, M, 1, 0.7377
8, S, 1, 0.7314
9, D, 1, 0.7377
10, Y, 1, 0.7349
11, D, 1, 0.7302
12, V, 1, 0.7025
13, S, 1, 0.6638
14, G, 1, 0.6145
15, D, 1, 0.5492
16, G, -1, 0.4624
17, D, -1, 0.4027
18, R, -1, 0.3566
19, V, -1, 0.3215
20, S, -1, 0.3077
21, E, -1, 0.3003
22, W, -1, 0.2919
23, E, -1, 0.2959
24, M, -1, 0.3092
25, G, -1, 0.3394
26, L, -1, 0.3676
27, P, -1, 0.3878
28, S, -1, 0.4105
29, D, -1, 0.4268
30, E, -1, 0.4312
31, D, -1, 0.4292
32, L, -1, 0.4160
33, A, -1, 0.3928
34, S, -1, 0.3648
35, L, -1, 0.3370
36, S, -1, 0.3214
37, Y, -1, 0.3185
38, S, -1, 0.3213
39, L, -1, 0.3271
40, I, -1, 0.3383
41, P, -1, 0.3536
42, P, -1, 0.3602
43, N, -1, 0.3676
44, L, -1, 0.3679
45, A, -1, 0.3616
46, M, -1, 0.3504
47, A, -1, 0.3376
48, F, -1, 0.3360
49, S, -1, 0.3399
50, I, -1, 0.3548
51, T, -1, 0.3726
52, P, -1, 0.4000
53, E, -1, 0.4308
54, R, -1, 0.4639
55, S, 1, 0.5131
56, R, 1, 0.5342
57, T, 1, 0.5381
58, I, 1, 0.5442
59, Q, 1, 0.5505
60, D, 1, 0.5573
61, V, 1, 0.5644
62, N, 1, 0.5748
63, R, 1, 0.5895
64, A, 1, 0.6093
65, S, 1, 0.6253
66, E, 1, 0.6535
67, T, 1, 0.6752
68, T, 1, 0.6856
69, L, 1, 0.7087
70, S, 1, 0.7390
71, S, 1, 0.7696
72, L, 1, 0.7985
73, R, 1, 0.8350
74, G, 1, 0.8665
75, G, 1, 0.9007
76, S, 1, 0.9043
77, S, 1, 0.9093
78, G, 1, 0.9159
79, P, 1, 0.9200
80, N, 1, 0.9218
81, T, 1, 0.9233
82, S, 1, 0.9240
83, S, 1, 0.9221
84, S, 1, 0.9194
85, N, 1, 0.9171
86, N, 1, 0.9131
87, N, 1, 0.9091
88, V, 1, 0.9045
89, E, 1, 0.9059
90, E, 1, 0.8907
91, E, 1, 0.8756
92, D, 1, 0.8672
93, R, 1, 0.8644
94, V, 1, 0.8676
95, G, 1, 0.8695
96, S, 1, 0.8781
97, S, 1, 0.8923
98, S, 1, 0.9100
99, P, 1, 0.9035
100, G, 1, 0.9046
101, S, 1, 0.9038
102, D, 1, 0.9015
103, S, 1, 0.9036
104, K, 1, 0.8947
105, K, 1, 0.8918
106, Q, 1, 0.8940
107, K, 1, 0.8910
108, T, 1, 0.9007
109, S, 1, 0.9016
110, N, 1, 0.9055
111, G, 1, 0.9090
112, D, 1, 0.9117
113, G, 1, 0.9151
114, D, 1, 0.9155
115, D, 1, 0.9139
116, G, 1, 0.9110
117, G, 1, 0.9089
118, G, 1, 0.9062
119, V, 1, 0.9015
120, D, 1, 0.9070
121, P, 1, 0.8915
122, D, 1, 0.8750
123, S, 1, 0.8656
124, A, 1, 0.8607
125, M, 1, 0.8679
126, A, 1, 0.8748
127, A, 1, 0.8813
128, E, 1, 0.8898
129, E, 1, 0.8976
130, G, 1, 0.9079
131, D, 1, 0.9003
132, S, 1, 0.8957
133, G, 1, 0.8761
134, T, 1, 0.8653
135, E, 1, 0.8516
136, D, 1, 0.8391
137, L, 1, 0.8227
138, S, 1, 0.7988
139, G, 1, 0.7535
140, K, 1, 0.6980
141, T, 1, 0.6300
142, L, 1, 0.5491
143, K, -1, 0.4436
144, R, -1, 0.3615
145, P, -1, 0.2934
146, R, -1, 0.2372
147, L, -1, 0.1891
148, V, -1, 0.1600
149, W, -1, 0.1387
150, T, -1, 0.1237
151, P, -1, 0.1131
152, Q, -1, 0.1014
153, L, -1, 0.0975
154, H, -1, 0.0894
155, K, -1, 0.0828
156, R, -1, 0.0780
157, F, -1, 0.0718
158, V, -1, 0.0677
159, D, -1, 0.0657
160, V, -1, 0.0681
161, V, -1, 0.0714
162, A, -1, 0.0770
163, H, -1, 0.0858
164, L, -1, 0.0918
165, G, -1, 0.0952
166, I, -1, 0.0999
167, K, -1, 0.1177
168, N, -1, 0.1395
169, A, -1, 0.1436
170, V, -1, 0.1447
171, P, -1, 0.1378
172, K, -1, 0.1236
173, T, -1, 0.1112
174, I, -1, 0.1073
175, M, -1, 0.1052
176, Q, -1, 0.1037
177, L, -1, 0.1069
178, M, -1, 0.1215
179, N, -1, 0.1367
180, V, -1, 0.1545
181, E, -1, 0.1702
182, G, -1, 0.1777
183, L, -1, 0.1862
184, T, -1, 0.1892
185, R, -1, 0.1966
186, E, -1, 0.2077
187, N, -1, 0.2130
188, V, -1, 0.2135
189, A, -1, 0.2051
190, S, -1, 0.1912
191, H, -1, 0.1751
192, L, -1, 0.1689
193, Q, -1, 0.1659
194, K, -1, 0.1670
195, Y, -1, 0.1821
196, R, -1, 0.2046
197, L, -1, 0.2410
198, Y, -1, 0.2960
199, L, -1, 0.3584
200, K, -1, 0.4162
201, R, -1, 0.4677
202, M, 1, 0.5481
203, Q, 1, 0.6113
204, G, 1, 0.6693
205, L, 1, 0.7153
206, T, 1, 0.7502
207, N, 1, 0.7784
208, E, 1, 0.7997
209, G, 1, 0.8185
210, P, 1, 0.8267
211, S, 1, 0.8280
212, A, 1, 0.8021
213, S, 1, 0.7630
214, D, 1, 0.7203
215, K, 1, 0.6663
216, L, 1, 0.6121
217, F, 1, 0.5566
218, S, -1, 0.4880
219, S, -1, 0.4629
220, T, -1, 0.4464
221, P, -1, 0.4401
222, V, -1, 0.4301
223, P, -1, 0.4268
224, P, -1, 0.4270
225, Q, -1, 0.4327
226, S, -1, 0.4432
227, F, -1, 0.4624
228, Q, 1, 0.5150
229, D, 1, 0.5618
230, I, 1, 0.6125
231, G, 1, 0.6618
232, G, 1, 0.7021
233, G, 1, 0.7362
234, G, 1, 0.7416
235, G, 1, 0.7360
236, S, 1, 0.7194
237, S, 1, 0.6775
238, G, 1, 0.6317
239, N, 1, 0.5875
240, V, 1, 0.5431
241, G, -1, 0.4865
242, V, -1, 0.4655
243, P, -1, 0.4479
244, I, -1, 0.4388
245, P, -1, 0.4385
246, G, -1, 0.4363
247, A, -1, 0.4369
248, Y, -1, 0.4402
249, G, -1, 0.4336
250, T, -1, 0.4263
251, Q, -1, 0.4115
252, Q, -1, 0.3962
253, M, -1, 0.3863
254, M, -1, 0.3844
255, Q, -1, 0.3815
256, M, -1, 0.3930
257, P, -1, 0.4198
258, V, -1, 0.4497
259, Y, -1, 0.4875
260, A, 1, 0.5531
261, H, 1, 0.5865
262, H, 1, 0.6175
263, M, 1, 0.6253
264, G, 1, 0.6331
265, M, 1, 0.6389
266, Q, 1, 0.6375
267, G, 1, 0.6264
268, Y, 1, 0.6308
269, H, 1, 0.6345
270, H, 1, 0.6370
271, Q, 1, 0.6461
272, N, 1, 0.6529
273, H, 1, 0.6538
274, N, 1, 0.6670
275, H, 1, 0.6694
276, D, 1, 0.6794
277, P, 1, 0.6966
278, Y, 1, 0.7035
279, H, 1, 0.7110
280, Q, 1, 0.7246
281, N, 1, 0.7400
282, H, 1, 0.7605
283, R, 1, 0.7759
284, H, 1, 0.7907
285, H, 1, 0.8018
286, H, 1, 0.8177
287, G, 1, 0.8297
288, A, 1, 0.8369
289, G, 1, 0.8320
290, G, 1, 0.8095
291, N, 1, 0.7879
292, G, 1, 0.7554
293, A, 1, 0.7193
294, F, 1, 0.6623
295, E, 1, 0.5998
296, S, 1, 0.5483
297, N, -1, 0.4845
298, P, -1, 0.4593
299, Y, -1, 0.4455
300, M, -1, 0.4402
301, M, -1, 0.4277
302, Q, -1, 0.4267
303, Q, -1, 0.4264
304, N, -1, 0.4217
305, K, -1, 0.4118
306, F, -1, 0.3983
307, G, -1, 0.3885
308, S, -1, 0.3903
309, M, -1, 0.3992
310, A, -1, 0.4185
311, S, -1, 0.4471
312, Y, -1, 0.4885
313, P, 1, 0.5674
314, S, 1, 0.6431
315, V, 1, 0.7229
316, G, 1, 0.8076
317, G, 1, 0.8882
318, G, 1, 0.9142
319, S, 1, 0.9308
320, A, 1, 0.9460
321, N, 1, 0.9534
322, E, 1, 0.9603
323, N, 1, 0.9535

